-- phpMyAdmin SQL Dump
-- version 4.1.6
-- http://www.phpmyadmin.net
--
-- Host: 127.0.0.1
-- Generation Time: 2017 年 5 朁E29 日 10:28
-- サーバのバージョン： 5.6.16
-- PHP Version: 5.5.9

SET SQL_MODE = "NO_AUTO_VALUE_ON_ZERO";
SET time_zone = "+00:00";


/*!40101 SET @OLD_CHARACTER_SET_CLIENT=@@CHARACTER_SET_CLIENT */;
/*!40101 SET @OLD_CHARACTER_SET_RESULTS=@@CHARACTER_SET_RESULTS */;
/*!40101 SET @OLD_COLLATION_CONNECTION=@@COLLATION_CONNECTION */;
/*!40101 SET NAMES utf8 */;

--
-- Database: `primetechnoarahari`
--

-- --------------------------------------------------------

--
-- テーブルの構造 `answer`
--

CREATE TABLE IF NOT EXISTS `answer` (
  `select_id` int(11) NOT NULL AUTO_INCREMENT,
  `quest_id` int(11) NOT NULL,
  `choices` varchar(50) DEFAULT NULL,
  `answered` int(11) DEFAULT '0',
  `inp_date` date NOT NULL,
  `upd_date` date NOT NULL,
  PRIMARY KEY (`select_id`),
  KEY `quest_id` (`quest_id`)
) ENGINE=InnoDB  DEFAULT CHARSET=sjis AUTO_INCREMENT=265 ;

--
-- テーブルのデータのダンプ `answer`
--

INSERT INTO `answer` (`select_id`, `quest_id`, `choices`, `answered`, `inp_date`, `upd_date`) VALUES
(181, 46, 'スポーツ', 0, '2017-05-29', '2017-05-29'),
(182, 46, '娯楽', 1, '2017-05-29', '2017-05-29'),
(183, 46, '勉強', 0, '2017-05-29', '2017-05-29'),
(184, 46, '旅行', 1, '2017-05-29', '2017-05-29'),
(185, 47, '面白そうだったから', 1, '2017-05-29', '2017-05-29'),
(186, 47, '流行っていたから', 1, '2017-05-29', '2017-05-29'),
(187, 47, '友人に勧められて', 1, '2017-05-29', '2017-05-29'),
(188, 47, 'モテたくて', 1, '2017-05-29', '2017-05-29'),
(189, 48, '今の趣味を深めたい', 2, '2017-05-29', '2017-05-29'),
(190, 48, '新しい趣味を見つけたい', 1, '2017-05-29', '2017-05-29'),
(191, 48, '他の人にも広めたい', 1, '2017-05-29', '2017-05-29'),
(192, 48, 'もうやめたい', 0, '2017-05-29', '2017-05-29'),
(193, 49, '新たな知識が増えた', 0, '2017-05-29', '2017-05-29'),
(194, 49, '友人が増えた', 2, '2017-05-29', '2017-05-29'),
(195, 49, '彼女ができた', 1, '2017-05-29', '2017-05-29'),
(196, 49, '後悔しかない', 0, '2017-05-29', '2017-05-29'),
(197, 50, 'よかった', 0, '2017-05-29', '2017-05-29'),
(198, 50, 'わるかった', 1, '2017-05-29', '2017-05-29'),
(199, 50, 'どちらともいえない', 1, '2017-05-29', '2017-05-29'),
(200, 50, '', 0, '2017-05-29', '2017-05-29'),
(201, 51, '好き', 5, '2017-05-29', '2017-05-29'),
(202, 51, '嫌い', 1, '2017-05-29', '2017-05-29'),
(203, 51, '', 0, '2017-05-29', '2017-05-29'),
(204, 51, '', 0, '2017-05-29', '2017-05-29'),
(205, 52, '好き', 1, '2017-05-29', '2017-05-29'),
(206, 52, '嫌い', 0, '2017-05-29', '2017-05-29'),
(207, 52, 'ずっと続けたい', 1, '2017-05-29', '2017-05-29'),
(208, 52, 'もうやめたい', 0, '2017-05-29', '2017-05-29'),
(209, 53, '説明会でみて', 1, '2017-05-29', '2017-05-29'),
(210, 53, '上司の人柄にひかれて', 1, '2017-05-29', '2017-05-29'),
(211, 53, 'この業界が好きで', 1, '2017-05-29', '2017-05-29'),
(212, 53, 'ほかの会社に落ちたから', 0, '2017-05-29', '2017-05-29'),
(213, 54, '尊敬できる', 1, '2017-05-29', '2017-05-29'),
(214, 54, '優しい', 1, '2017-05-29', '2017-05-29'),
(215, 54, '怖い', 0, '2017-05-29', '2017-05-29'),
(216, 54, '頼りになる', 1, '2017-05-29', '2017-05-29'),
(217, 55, '出世したい', 1, '2017-05-29', '2017-05-29'),
(218, 55, '高給取り', 1, '2017-05-29', '2017-05-29'),
(219, 55, '現状維持', 0, '2017-05-29', '2017-05-29'),
(220, 55, '社内恋愛', 0, '2017-05-29', '2017-05-29'),
(221, 56, '緊張した', 0, '2017-05-29', '2017-05-29'),
(222, 56, '反省点があった', 0, '2017-05-29', '2017-05-29'),
(223, 56, '楽しかった', 0, '2017-05-29', '2017-05-29'),
(224, 56, 'やり直したい', 0, '2017-05-29', '2017-05-29'),
(225, 57, '０?２５点', 0, '2017-05-29', '2017-05-29'),
(226, 57, '２６?５０点', 0, '2017-05-29', '2017-05-29'),
(227, 57, '５１?７５点', 0, '2017-05-29', '2017-05-29'),
(228, 57, '７６?１００点', 0, '2017-05-29', '2017-05-29'),
(229, 58, 'うまく話せなかった', 0, '2017-05-29', '2017-05-29'),
(230, 58, '練習通りできた', 0, '2017-05-29', '2017-05-29'),
(231, 58, 'あまりウケなかった', 0, '2017-05-29', '2017-05-29'),
(232, 58, '上出来', 0, '2017-05-29', '2017-05-29'),
(233, 59, 'プログラミングが上達した', 0, '2017-05-29', '2017-05-29'),
(234, 59, 'わからないことだらけだ', 0, '2017-05-29', '2017-05-29'),
(235, 59, '講師の方が優しかった', 0, '2017-05-29', '2017-05-29'),
(236, 59, '自分にはまだ研修が必要だ', 0, '2017-05-29', '2017-05-29'),
(237, 60, 'とても好き', 1, '2017-05-29', '2017-05-29'),
(238, 60, 'どちらかといえば好き', 0, '2017-05-29', '2017-05-29'),
(239, 60, 'あまり好きではない', 0, '2017-05-29', '2017-05-29'),
(240, 60, '嫌い', 0, '2017-05-29', '2017-05-29'),
(241, 61, '吉野ヶ里遺跡', 1, '2017-05-29', '2017-05-29'),
(242, 61, '長崎ハウステンボス', 1, '2017-05-29', '2017-05-29'),
(243, 61, '三井グリーンランド', 1, '2017-05-29', '2017-05-29'),
(244, 61, 'カドリードミニオン', 1, '2017-05-29', '2017-05-29'),
(245, 62, '一緒に行く人', 1, '2017-05-29', '2017-05-29'),
(246, 62, '行き先', 0, '2017-05-29', '2017-05-29'),
(247, 62, '移動手段', 0, '2017-05-29', '2017-05-29'),
(248, 62, '宿泊地', 0, '2017-05-29', '2017-05-29'),
(249, 63, '1年以内', 0, '2017-05-29', '2017-05-29'),
(250, 63, '来月', 0, '2017-05-29', '2017-05-29'),
(251, 63, '明日', 0, '2017-05-29', '2017-05-29'),
(252, 63, 'もう行った', 1, '2017-05-29', '2017-05-29'),
(253, 64, '良かった', 1, '2017-05-29', '2017-05-29'),
(254, 64, '悪かった', 0, '2017-05-29', '2017-05-29'),
(255, 64, '', 0, '2017-05-29', '2017-05-29'),
(256, 64, '', 0, '2017-05-29', '2017-05-29'),
(257, 65, 'けしからん', 1, '2017-05-29', '2017-05-29'),
(258, 65, 'とてもけしからん', 0, '2017-05-29', '2017-05-29'),
(259, 65, 'まったくもってけしからん', 0, '2017-05-29', '2017-05-29'),
(260, 65, 'そんなでもない', 0, '2017-05-29', '2017-05-29'),
(261, 66, '昔に戻りたい', 1, '2017-05-29', '2017-05-29'),
(262, 66, '今のままでよい', 0, '2017-05-29', '2017-05-29'),
(263, 66, '', 0, '2017-05-29', '2017-05-29'),
(264, 66, '', 0, '2017-05-29', '2017-05-29');

-- --------------------------------------------------------

--
-- テーブルの構造 `point`
--

CREATE TABLE IF NOT EXISTS `point` (
  `point_id` int(11) NOT NULL AUTO_INCREMENT,
  `user_id` varchar(50) NOT NULL,
  `point` int(11) DEFAULT '3',
  `type` int(11) DEFAULT NULL,
  `inp_date` date NOT NULL,
  `upd_date` date NOT NULL,
  PRIMARY KEY (`point_id`),
  KEY `user_id` (`user_id`)
) ENGINE=InnoDB  DEFAULT CHARSET=sjis AUTO_INCREMENT=21 ;

--
-- テーブルのデータのダンプ `point`
--

INSERT INTO `point` (`point_id`, `user_id`, `point`, `type`, `inp_date`, `upd_date`) VALUES
(1, 'point', 3, NULL, '2017-05-22', '2017-05-22'),
(2, 'あ', 3, NULL, '2017-05-23', '2017-05-23'),
(3, '1', 3, NULL, '2017-05-23', '2017-05-23'),
(4, 'q', 1, NULL, '2017-05-23', '2017-05-23'),
(5, 'a', 11, NULL, '2017-05-25', '2017-05-25'),
(6, 'プライムテクノ', 3, NULL, '2017-05-26', '2017-05-26'),
(7, 'たける', 3, NULL, '2017-05-26', '2017-05-26'),
(8, 'あらはり', 2, NULL, '2017-05-26', '2017-05-26'),
(9, 'test', 3, NULL, '2017-05-26', '2017-05-26'),
(10, 'kami', 3, NULL, '2017-05-26', '2017-05-26'),
(11, 'v', 3, NULL, '2017-05-29', '2017-05-29'),
(12, 'c', 3, NULL, '2017-05-29', '2017-05-29'),
(13, 'dfas', 3, NULL, '2017-05-29', '2017-05-29'),
(14, 'dfa', 3, NULL, '2017-05-29', '2017-05-29'),
(15, 'df', 3, NULL, '2017-05-29', '2017-05-29'),
(16, 'qaz', 3, NULL, '2017-05-29', '2017-05-29'),
(17, 'as', 3, NULL, '2017-05-29', '2017-05-29'),
(18, 'テックファン', 3, NULL, '2017-05-29', '2017-05-29'),
(19, 'たぬき', 3, NULL, '2017-05-29', '2017-05-29'),
(20, 'ｚ', 3, NULL, '2017-05-29', '2017-05-29');

-- --------------------------------------------------------

--
-- テーブルの構造 `quest`
--

CREATE TABLE IF NOT EXISTS `quest` (
  `quest_id` int(11) NOT NULL AUTO_INCREMENT,
  `ank_id` int(11) NOT NULL,
  `question` varchar(50) DEFAULT NULL,
  `inp_date` date NOT NULL,
  `upd_date` date NOT NULL,
  PRIMARY KEY (`quest_id`),
  KEY `ank_id` (`ank_id`)
) ENGINE=InnoDB  DEFAULT CHARSET=sjis AUTO_INCREMENT=67 ;

--
-- テーブルのデータのダンプ `quest`
--

INSERT INTO `quest` (`quest_id`, `ank_id`, `question`, `inp_date`, `upd_date`) VALUES
(46, 20, '貴方の趣味は？', '2017-05-29', '2017-05-29'),
(47, 20, 'この趣味を始めたきっかけ', '2017-05-29', '2017-05-29'),
(48, 20, 'これからの趣味', '2017-05-29', '2017-05-29'),
(49, 20, '趣味を始めてよかったこと', '2017-05-29', '2017-05-29'),
(50, 20, 'このアンケートは？', '2017-05-29', '2017-05-29'),
(51, 21, 'あなたはりんごが', '2017-05-29', '2017-05-29'),
(52, 22, 'あなたは今の仕事が', '2017-05-29', '2017-05-29'),
(53, 22, '今の会社に入ったきっかけは？', '2017-05-29', '2017-05-29'),
(54, 22, 'あなたの上司は？', '2017-05-29', '2017-05-29'),
(55, 22, '将来の目標', '2017-05-29', '2017-05-29'),
(56, 23, 'プレゼンをした感想は？', '2017-05-29', '2017-05-29'),
(57, 23, '自分のプログラムの点数は？', '2017-05-29', '2017-05-29'),
(58, 23, 'プレゼンの出来は？', '2017-05-29', '2017-05-29'),
(59, 23, 'この研修を振り返って', '2017-05-29', '2017-05-29'),
(60, 24, 'あなたは旅行が好きですか？', '2017-05-29', '2017-05-29'),
(61, 24, 'どこに行きたい？', '2017-05-29', '2017-05-29'),
(62, 24, '楽しい旅行にするため大切なこと', '2017-05-29', '2017-05-29'),
(63, 24, '次の旅行の予定（希望）', '2017-05-29', '2017-05-29'),
(64, 25, '昔は？', '2017-05-29', '2017-05-29'),
(65, 25, '最近の若者は？', '2017-05-29', '2017-05-29'),
(66, 25, 'できることなら？', '2017-05-29', '2017-05-29');

-- --------------------------------------------------------

--
-- テーブルの構造 `questionnaire`
--

CREATE TABLE IF NOT EXISTS `questionnaire` (
  `ank_id` int(11) NOT NULL AUTO_INCREMENT,
  `user_id` varchar(50) NOT NULL,
  `ank_name` varchar(50) NOT NULL,
  `ank_end` date NOT NULL,
  `inp_date` date NOT NULL,
  `upd_date` date NOT NULL,
  PRIMARY KEY (`ank_id`),
  KEY `user_id` (`user_id`)
) ENGINE=InnoDB  DEFAULT CHARSET=sjis AUTO_INCREMENT=26 ;

--
-- テーブルのデータのダンプ `questionnaire`
--

INSERT INTO `questionnaire` (`ank_id`, `user_id`, `ank_name`, `ank_end`, `inp_date`, `upd_date`) VALUES
(20, 'a', '趣味アンケート', '2018-04-18', '2017-05-29', '2017-05-29'),
(21, 'a', '1問アンケート', '2017-05-29', '2017-05-29', '2017-05-29'),
(22, 'a', '仕事アンケート', '2019-10-30', '2017-05-29', '2017-05-29'),
(23, 'a', '模擬プロジェクトアンケート', '2021-07-17', '2017-05-29', '2017-05-29'),
(24, 'a', '旅行アンケート', '2021-05-18', '2017-05-29', '2017-05-29'),
(25, 'a', '昔アンケート', '2018-03-19', '2017-05-29', '2017-05-29');

-- --------------------------------------------------------

--
-- テーブルの構造 `user`
--

CREATE TABLE IF NOT EXISTS `user` (
  `user_id` varchar(50) NOT NULL,
  `pass` varchar(50) NOT NULL,
  `inp_date` date NOT NULL,
  `upd_date` date NOT NULL,
  PRIMARY KEY (`user_id`)
) ENGINE=InnoDB DEFAULT CHARSET=sjis;

--
-- テーブルのデータのダンプ `user`
--

INSERT INTO `user` (`user_id`, `pass`, `inp_date`, `upd_date`) VALUES
('1', '1', '2017-05-23', '2017-05-23'),
('a', 'a', '2017-05-22', '2017-05-22'),
('as', 'as', '2017-05-29', '2017-05-29'),
('c', 'c', '2017-05-29', '2017-05-29'),
('df', 'aa', '2017-05-29', '2017-05-29'),
('dfa', 'aa', '2017-05-29', '2017-05-29'),
('dfas', 'asdf', '2017-05-29', '2017-05-29'),
('kami', 'test', '2017-05-26', '2017-05-26'),
('point', '3', '2017-05-22', '2017-05-22'),
('q', 'q', '2017-05-23', '2017-05-23'),
('qaz', 'qaz', '2017-05-29', '2017-05-29'),
('test', 'test', '2017-05-26', '2017-05-26'),
('v', 'v', '2017-05-29', '2017-05-29'),
('ｚ', 'z', '2017-05-29', '2017-05-29'),
('あ', 'あ', '2017-05-23', '2017-05-23'),
('あらはり', 'arahari', '2017-05-26', '2017-05-26'),
('たける', 'takeru', '2017-05-26', '2017-05-26'),
('たぬき', 'tanuki', '2017-05-29', '2017-05-29'),
('テックファン', 'tech', '2017-05-29', '2017-05-29'),
('プライムテクノ', '1', '2017-05-26', '2017-05-26');

--
-- ダンプしたテーブルの制約
--

--
-- テーブルの制約 `answer`
--
ALTER TABLE `answer`
  ADD CONSTRAINT `answer_ibfk_1` FOREIGN KEY (`quest_id`) REFERENCES `quest` (`quest_id`);

--
-- テーブルの制約 `point`
--
ALTER TABLE `point`
  ADD CONSTRAINT `point_ibfk_1` FOREIGN KEY (`user_id`) REFERENCES `user` (`user_id`);

--
-- テーブルの制約 `quest`
--
ALTER TABLE `quest`
  ADD CONSTRAINT `quest_ibfk_1` FOREIGN KEY (`ank_id`) REFERENCES `questionnaire` (`ank_id`);

--
-- テーブルの制約 `questionnaire`
--
ALTER TABLE `questionnaire`
  ADD CONSTRAINT `questionnaire_ibfk_1` FOREIGN KEY (`user_id`) REFERENCES `user` (`user_id`);

/*!40101 SET CHARACTER_SET_CLIENT=@OLD_CHARACTER_SET_CLIENT */;
/*!40101 SET CHARACTER_SET_RESULTS=@OLD_CHARACTER_SET_RESULTS */;
/*!40101 SET COLLATION_CONNECTION=@OLD_COLLATION_CONNECTION */;
